email,despacho,provincia,nota
info@arquitectosat.es,arquitectosat.es,Sevilla,web propio aparejador
info@arquitectosbarna.com,arquitectosbarna.es,Barcelona,web propio aparejador
contacto@basilioparedes.com,basilioparedes.com,Valencia,certificado energetico
info@proyectosmuyeconomicos.es,proyectosmuyeconomicos.es,Madrid,arquitecto tecnico
info@rvaparejadores.com,rvaparejadores.com,Sevilla,aparejador
hola@bedificacion.es,bedificacion.es,Málaga,arquitecto tecnico
hola@certificadoenergeticomalaga.net,certificadoenergeticomalaga.net,Málaga,certificacion energetica
info@arqam.es,arqam.es,Granada,arquitectos tecnicos
hola@carlosarrabal.es,carlosarrabal.es,Granada,arquitecto tecnico
info@agustinperezat.com,agustinperezat.com,Valencia,arquitecto tecnico
info@bt2asociados.com,bt2asociados.com,Valencia,arquitecto tecnico
