email,prioridad,tipo
ngar.carlos@gmail.com,1,tecnico
robertosanchogarralda@gmail.com,1,tecnico
jovalat@hotmail.com,1,tecnico
oscarant88@gmail.com,1,tecnico
pedroarandaarnadillo@gmail.com,1,tecnico
albertocampos78@hotmail.com,1,tecnico
sceamanos@gmail.com,1,tecnico
alfonsodiezgarrido@gmail.com,1,tecnico
at.carlos.espada@gmail.com,1,tecnico
josemariagaza@gmail.com,1,tecnico
fibarretaarevalo@hotmail.com,1,tecnico
isaaclidon@gmail.com,1,tecnico
juandanogueron@gmail.com,1,tecnico
albertoporterolopez@gmail.com,1,tecnico
sebastivi@gmail.com,1,tecnico
arquitectoscuenca@gmail.com,1,tecnico
codygeovy19@gmail.com,1,tecnico
misterello100@gmail.com,1,tecnico
rma3012@hotmail.com,1,tecnico
rubenqg@gmail.com,1,tecnico
rvalbv@gmail.com,1,tecnico
tecnicertificado@gmail.com,1,tecnico
adm.glpcertificados@gmail.com,1,tecnico
certificacionenerxetica@gmail.com,1,tecnico
certificados.ceemar@gmail.com,1,tecnico
glpcertificados@gmail.com,1,tecnico
edianeraestudio@gmail.com,1,tecnico
ignacio.gesenergia@gmail.com,1,tecnico
naparejador80@gmail.com,1,tecnico
sterello100@gmail.com,1,tecnico
umiaiguatz@gmail.com,1,tecnico
ac.aparejador@gmail.com,1,tecnico
alainaparejador80@gmail.com,1,tecnico
aldeacentro@gmail.com,1,tecnico
angar.carlos@gmail.com,1,tecnico
angarquitectos@gmail.com,1,tecnico
anpiconstrucciones@hotmail.com,1,tecnico
antoniocd77@yahoo.es,1,tecnico
aparejadorcastellon@gmail.com,1,tecnico
arquitecto.snavas@gmail.com,1,tecnico
arquitectoalicante@gmail.com,1,tecnico
arquitectotecnicoelena@gmail.com,1,tecnico
atltecnicosalmeria@gmail.com,1,tecnico
carlosriojainge@gmail.com,1,tecnico
castillo.9@gmail.com,1,tecnico
cee.benidorm@gmail.com,1,tecnico
certificatupisito@gmail.com,1,tecnico
certifik.info@gmail.com,1,tecnico
construbsa@gmail.com,1,tecnico
daruizpo@gmail.com,1,tecnico
dgarciaortiz@gmail.com,1,tecnico
diegoalvarezlozano79@gmail.com,1,tecnico
enric.barrau@gmail.com,1,tecnico
estecomadrid@gmail.com,1,tecnico
estudioat@gmail.com,1,tecnico
fedemisto@gmail.com,1,tecnico
fete2003@gmail.com,1,tecnico
francisco.dansarquitectos@gmail.com,1,tecnico
franciscocastromurillo@gmail.com,1,tecnico
grama.instalaciones@gmail.com,1,tecnico
info.inmobiliariapamplona@gmail.com,1,tecnico
javararquitectos@gmail.com,1,tecnico
javiesben@gmail.com,1,tecnico
jo-se-jhg@hotmail.com,1,tecnico
jshapararejador@hotmail.com,1,tecnico
juanelo606810@gmail.com,1,tecnico
juanjoaparejador@gmail.com,1,tecnico
juanjojjrc@gmail.com,1,tecnico
manuel.arias.garcia@hotmail.com,1,tecnico
medianeraestudio@gmail.com,1,tecnico
merinoequipohogar@gmail.com,1,tecnico
mirandaprol@gmail.com,1,tecnico
nacho.ingeocom@hotmail.com,1,tecnico
nalbaingenieria@gmail.com,1,tecnico
pienginyeria@gmail.com,1,tecnico
proyectosbarcelona@hotmail.com,1,tecnico
quiquecortes.aparejador@gmail.com,1,tecnico
suso.caudeli@gmail.com,1,tecnico
tecnicotarragona@gmail.com,1,tecnico
todocolor11@gmail.com,1,tecnico
toritoursjapon@gmail.com,1,tecnico
torrecillaspt@gmail.com,1,tecnico
troya.at@gmail.com,1,tecnico
valypam@hotmail.com,1,tecnico
viejeorioste@gmail.com,1,tecnico
xanfrasbd@gmail.com,1,tecnico
aleco.reporte@gmail.com,1,tecnico
contacto@arquitectosbilbao.net,2,despacho
info@mzgarquitectura.es,2,despacho
info@arquitectosreus.es,2,despacho
info@arquitectossalamanca.es,2,despacho
info@arquitectotecnicocastellon.com,2,despacho
hola@arquitectotecnicotorrevieja.com,2,despacho
info@arquitectotecnicozaragoza.net,2,despacho
info@arquitecturacantabria.es,2,despacho
hola@arquitecturamenorca.com,2,despacho
ventas@estudioaragon.com,2,despacho
info@agredaingenieria.com,2,despacho
info@ingenieriacanarias.com,2,despacho
info@ingenieriacanarias.es,2,despacho
web@smenginyeria.com,2,despacho
info@ingenieriamurcia.com,2,despacho
info@ingenieriatecnicamurcia.com,2,despacho
contacto@ingenierosalicante.net,2,despacho
info@ingenierosmadrid.com,2,despacho
info@ingenierotarragona.com,2,despacho
info@obrasvigo.es,2,despacho
contacto@certificacionescoruna.es,2,despacho
contacto@francoestudio.com,2,despacho
info@reformasalcala.es,2,despacho
info@reformasalicante.es,2,despacho
info@reformasalicante.net,2,despacho
info@reformasalmeria.es,2,despacho
hola@reformasavila.es,2,despacho
info@reformasbadalona.net,2,despacho
info@amhreformas.com,2,despacho
info@reformasbenidorm.net,2,despacho
info@reformasbilbao.com,2,despacho
info@reformasbilbao.es,2,despacho
info@reformasbizkaia.com,2,despacho
hola@cuatroideas.es,2,despacho
info@3artes.com,2,despacho
info@reformascastro.com,2,despacho
info@reformasgetafe.es,2,despacho
info@reformasguipuzcoa.es,2,despacho
info@reformashuelva.es,2,despacho
info@reformaslaspalmas.net,2,despacho
info@reformaslogrono.net,2,despacho
contacto@reformasmalaga.net,2,despacho
info@reformasmanresa.es,2,despacho
info@reformasmenorca.es,2,despacho
info@reformasmurcia.es,2,despacho
hola@reformasourense.es,2,despacho
info@reformassantander.es,2,despacho
info@reformastorrevieja.com,2,despacho
clientes@tecnicoenalicante.es,2,despacho
hola@certificadoenergeticomalaga.net,2,despacho
info@arquibalear.com,2,despacho
info@arquitectestarragona.com,2,despacho
info@certificadoenergetico-castellon.es,2,despacho
info@certificadoenergeticoaragon.com,2,despacho
info@certificadosenergeticosviviendas.com,2,despacho
info@certificadotenerife.com,2,despacho
info@eficienciaenergeticapontevedra.com,2,despacho
oficina@certificadosenergeticosasturias.es,2,despacho
tsanchez@oypsancor.com,2,despacho
proyectos@contectc.com,2,despacho
luismiguel@alarquitectostecnicos.com,2,despacho
jesus@arizcuren.net,2,despacho
cborobio@bau-arquitectura.com,2,despacho
sergio@arquitecturayproyectos.es,2,despacho
alicia@arquiem.es,2,despacho
joseangel.fernandez@tasacion.biz,2,despacho
gonzalo.jaime@arquidom.com,2,despacho
jaledesma@telefonica.net,2,despacho
joseandresmarin@yusconsultores.com,2,despacho
tecnico@ingeproyect.net,2,despacho
info@metro7.es,2,despacho
hola@metro7.es,2,despacho
estudio@magenarquitectos.com,2,despacho
proyectos@a4arquitectos.es,2,despacho
info@serranoarquitectura.com,2,despacho
moma@estudiokurtz.com,2,despacho
arquitectos@estudiokurtz.com,2,despacho
contacto@beamonteyvallejoarquitectos.es,2,despacho
info@aparejadorpatriciamoreno.com,2,despacho
info@certificadoenergeticos.es,2,despacho
info@certificadosbaratos.es,2,despacho
info@ieearquitec.es,2,despacho
info@ieearquitec.esle,2,despacho
20alfaingenieros@alfaingenieros.net,2,despacho
20informacion@acroarquitectos.com,2,despacho
contacta@wgaliano.es,2,despacho
contactar@wgaliano.es,2,despacho
contacto@arquitectolinares.com,2,despacho
estudio@estudiosantiago.com,2,despacho
geral@estudiosantacruz.com,2,despacho
ideas@arquitecturamurcia.es,2,despacho
info@acett.cat,2,despacho
info@aparejadoresleon.com,2,despacho
info@aparejadorespamplona.com,2,despacho
info@aparejadorleon.com,2,despacho
info@aparejadorzaragoza.com,2,despacho
info@apatgn.org,2,despacho
info@arquitectosvalencia.com,2,despacho
info@arquitecturabilbao.es,2,despacho
info@certienerg.com,2,despacho
info@certienerg.es,2,despacho
info@certificadosenergeticos.com,2,despacho
info@certificaenergia.com,2,despacho
info@certificaenergiasevilla.com,2,despacho
info@coettc.info,2,despacho
info@eneragen.org,2,despacho
info@gallegadecertificacion.es,2,despacho
info@opt-media.net,2,despacho
info@optmedialatam.com,2,despacho
info@trabearquitectura.es,2,despacho
support@estudiolinares.com,2,despacho
sweethome@info.com,2,despacho
tu@correo.com,2,despacho
v.macias@labbarq.es,2,despacho
info@esea.es,2,despacho
20info@aparejadornavarra.es,2,despacho
ambrosio@tinyhome.es,2,despacho
colegio@aparejadoresalicante.org,2,despacho
diegopena@tiniliving.com,2,despacho
estudios@cgtecnica.com,2,despacho
info@aparejadornavarra.es,2,despacho
info@aparejadortenerife.es,2,despacho
info@certific.es,2,despacho
info@edos.es,2,despacho
info@ghingenieros.es,2,despacho
info@yacrea.com,2,despacho
infraestructuras@certia.es,2,despacho
miguel@tinyhome.es,2,despacho
contact@energiaeuro.com,2,despacho
naguilar@caatvalencia.es,2,despacho
proyectos@energiacastellon.com,2,despacho
info@certificacionesenergeticasasturias.es,2,despacho
a.castro@aparejadoreslugo.es,2,despacho
aestudio@coag.es,2,despacho
alainaguilar@caatvalencia.es,2,despacho
albertogallego@sicoingenieros.es,2,despacho
alfaingenieros@alfaingenieros.net,2,despacho
ana@medicodeedificios.com,2,despacho
aparejador@aparejadoravila.es,2,despacho
arquisalas@arquisalas.com,2,despacho
arquisoria2@arquisoria.es,2,despacho
arquitecto@cristobalmendoza.es,2,despacho
arquitectoshuesca@arquitectoshuesca.com,2,despacho
buzoninfo@aparejadoresmadrid.es,2,despacho
cenoter@aparejadormadrid.com,2,despacho
certificados@vielca.com,2,despacho
comercial@ingenieriatoledo.es,2,despacho
contacto@aritebi.com,2,despacho
contacto@arquitectoshuesca.com,2,despacho
contacto@arquitecturahuelva.com,2,despacho
contacto@ingenierosgranada.com,2,despacho
contacto@proyectosbarcelona.com,2,despacho
contacto@proyectosleon.es,2,despacho
coruna@entremuros.es,2,despacho
denia@aparejadoresalicante.org,2,despacho
dpd@data-consulting.es,2,despacho
estudio@arquitectocuenca.com,2,despacho
estudio@arquitectojfr.es,2,despacho
estudio@arquitectoscantabria.es,2,despacho
estudio@arquitectosleon.es,2,despacho
estudio@arquitecturatoledo.es,2,despacho
estudio@basaloarquitectos.com,2,despacho
estudio@estudiojaen.com,2,despacho
estudio@evamerino.es,2,despacho
estudio@lastraarquitectos.com,2,despacho
estudio@provalec.com,2,despacho
gerardoserrano@ingenieroonline.com,2,despacho
ggarciaescudero@coaatz.org,2,despacho
hello@svk.es,2,despacho
hola@cercae.net,2,despacho
info@adomicilios.org,2,despacho
info@aparejadoresalcala.es,2,despacho
info@apice.es,2,despacho
info@arcos25.com,2,despacho
info@ark-arquitectos.com,2,despacho
info@arquitectocordoba.com,2,despacho
info@arquitectosalmeria.es,2,despacho
info@arquitectoscadiz.com,2,despacho
info@arquitectosegovia.es,2,despacho
info@arquitectosmostoles.es,2,despacho
info@arquitectossevilla.com,2,despacho
info@arquitectostenerife.com,2,despacho
info@arquitectostoledo.com,2,despacho
info@arquitectotecnicopamplona.com,2,despacho
info@arquitectotecnicosevilla.es,2,despacho
info@arquitectotecnicotenerife.com,2,despacho
info@arquitecturaenclave.com,2,despacho
info@arquitecturafacil.com,2,despacho
info@arquitecturapalencia.com,2,despacho
info@arquitecturasevilla.es,2,despacho
info@arquitecturateruel.com,2,despacho
info@artecproyectos.es,2,despacho
info@artimezarquitectos.com,2,despacho
info@atbingenieria.com,2,despacho
info@bearch.es,2,despacho
info@belroy.es,2,despacho
info@bsasesoresenergeticos.es,2,despacho
info@ceecastellon.es,2,despacho
info@certificado-energetico-alicante.com,2,despacho
info@certificado-energetico-madrid.com,2,despacho
info@certificado-energetico-pontevedra.es,2,despacho
info@certificadoenergeticobadajoz.com,2,despacho
info@certificadoenergeticocantabria.com,2,despacho
info@certificadoenergeticodevivienda.es,2,despacho
info@certificadoenergeticogranada.com,2,despacho
info@certificadoenergeticohuelva.com,2,despacho
info@certificadoenergeticoonline.com,2,despacho
info@certificadoenergeticopamplona.com,2,despacho
info@certificadoenergeticotenerife.es,2,despacho
info@certificadosenergeticosleon.com,2,despacho
info@certiproject.com,2,despacho
info@ctea.es,2,despacho
info@eficenar.com,2,despacho
info@efinovatic.es,2,despacho
info@estudiocantabria.com,2,despacho
info@estudiosalamanca.es,2,despacho
info@estudiosmadrid.com,2,despacho
info@ingemap.com,2,despacho
info@ingenieriaeiluminacion.es,2,despacho
info@ingenieromalaga.com,2,despacho
info@ingenieroonline.com,2,despacho
info@ingenierosinformaticarioja.com,2,despacho
info@ingenierosmalaga.com,2,despacho
info@ingenierovalencia.com,2,despacho
info@javierguerrero.es,2,despacho
info@kaitekarquitectura.com,2,despacho
info@lima-arquitectos.com,2,despacho
info@mirallaveingenieros.com,2,despacho
info@nachonavarro.es,2,despacho
info@neubauestudio.es,2,despacho
info@otab.es,2,despacho
info@proyectosgranada.com,2,despacho
info@proyectoslleida.com,2,despacho
info@proyectosmalaga.com,2,despacho
info@proyectosnavarra.es,2,despacho
info@santamartaarquitectos.com,2,despacho
info@solucionintegral.es,2,despacho
info@tecnicobenidorm.com,2,despacho
info@tecnicosgranada.es,2,despacho
info@tecnicosvalencia.es,2,despacho
info@tecnicotenerife.com,2,despacho
info@trafalgarnet.com,2,despacho
informacion@acroarquitectos.com,2,despacho
itce@itce.es,2,despacho
jaguilera@proena.es,2,despacho
jcmarquina@proyectoszaragoza.com,2,despacho
jesus@ingenieriacantabria.com,2,despacho
jesuslopezorozco@coamalaga.es,2,despacho
jlarquitecturas@arquitectomalaga.net,2,despacho
jll@arquitectomalaga.net,2,despacho
jlo@arquitectomalaga.net,2,despacho
jmotero@aparejadormadrid.com,2,despacho
jorpam@coaatz.org,2,despacho
josecarlosespinosa@coiiar.net,2,despacho
jpo@jpoarquitectura.com,2,despacho
judit@arquitecturamenorca.com,2,despacho
jvnavarro@ingenierozaragoza.com,2,despacho
l.isiegas@coaatz.org,2,despacho
luciagomez@goberestudio.com,2,despacho
maria@arquitecturamenorca.com,2,despacho
mcordero@cnipj.es,2,despacho
mediurb@mediurb.com,2,despacho
mejores@arquitectostoledo.es,2,despacho
miguelangel@urbanexiasl.com,2,despacho
oficina@ceevalencia.com,2,despacho
proyectos@estudio2ar.com,2,despacho
reformas@reformasmallorca.es,2,despacho
reformasoviedo@reformasoviedo.com,2,despacho
samuelgc@aparejadorescantabria.com,2,despacho
sj@sjarquitectos.com,2,despacho
soporte@yacrea.com,2,despacho
studio@guillemros.com,2,despacho
tecnico@ingenierosevilla.es,2,despacho
tecnitasa@tecnitasa.es,2,despacho
ventas@proyectosleon.com,2,despacho
administracion@aparejadoresalbacete.es,2,despacho
valencia@caatvalencia.es,2,despacho
administracion@arquitectosalamanca.com,2,despacho
tu@email.com,2,despacho
sevilla-pajaritos-grafico-klrf-510x349@abc-300x205.jpg,2,despacho
colegio@ingenierosvalladolid.es,2,despacho
